{
  "author": "Josh.5, EspadaV8",
  "compatibility": [1, 2],
  "description": "Aggregate changes in file size metrics for processed files and add a data panel for displaying the results.",
  "icon": "https://raw.githubusercontent.com/Josh5/unmanic.plugin.file_size_metrics/master/icon.png",
  "id": "file_size_metrics",
  "name": "File Size Metrics Data Panel",
  "platform": ["all"],
  "priorities": {
    "on_worker_process": 1,
    "on_postprocessor_task_results": 0
  },
  "tags": "data panel",
  "version": "0.1.1"
}
